ticker,name,current_price,price_change,pct_change,scraped_at
ASONS,ASONS: & Sons,1.76,0.01,1.0,2026-03-04T20:16:42
10LIV,10LIV: 10 Lives,2.27,0.0,0.0,2026-03-04T20:16:42
4KWIB,4KWIB: 4 Kids Walk Into a Bank,8.06,0.07,1.0,2026-03-04T20:16:42
48HIV,48HIV: 48 Hours in Vegas,6.43,0.03,0.0,2026-03-04T20:16:42
7DOGS,7DOGS: 7 Dogs,0.98,-0.02,-2.0,2026-03-04T20:16:42
AGAWK,AGAWK: A Great Awakening,8.55,0.0,0.0,2026-03-04T20:16:42
AHFOG,AHFOG: A Head Full of Ghosts ,2.99,-0.06,-2.0,2026-03-04T20:16:42
ALJES,ALJES: A Life of Jesus,8.07,0.01,-0.0,2026-03-04T20:16:42
ALWNT,ALWNT: A Long Winter,3.27,0.0,0.0,2026-03-04T20:16:42
MLOMP,MLOMP: A Magnificent Life,0.57,-0.02,-3.0,2026-03-04T20:16:42
AMFCW,AMFCW: A Manual for Cleaning Women,0.07,0.0,0.0,2026-03-04T20:16:42
MINE2,MINE2: A Minecraft Movie II,293.03,0.02,0.0,2026-03-04T20:16:42
APHEL,APHEL: A Place Like Hell,4.3,-0.03,-1.0,2026-03-04T20:16:42
APFTD,APFTD: A Prayer for the Dying,1.02,0.02,2.0,2026-03-04T20:16:42
VPRIV,VPRIV: A Private Life,1.36,0.09,7.0,2026-03-04T20:16:42
AQPL4,AQPL4: A Quiet Place: Part III,105.17,0.53,1.0,2026-03-04T20:16:42
ASREL,ASREL: A Special Relationship,0.05,0.0,0.0,2026-03-04T20:16:42
ATBLU,ATBLU: A Tree is Blue,5.37,0.01,-0.0,2026-03-04T20:16:42
AWNTJ,AWNTJ: A Winter's Journey,1.83,-0.01,-1.0,2026-03-04T20:16:42
ABELW,ABELW: Above The Below,5.42,-0.05,-1.0,2026-03-04T20:16:42
ADRIF,ADRIF: Adrift,2.04,0.01,0.0,2026-03-04T20:16:42
AFECT,AFECT: Affection,0.64,-0.18,-22.0,2026-03-04T20:16:42
AFTDH,AFTDH: After This Death,0.64,-0.02,-3.0,2026-03-04T20:16:42
AIRB3,AIRB3: Air Bud Returns,6.48,-0.17,-3.0,2026-03-04T20:16:42
AIRMA,AIRMA: Airman,20.5,0.02,0.0,2026-03-04T20:16:42
ALAD2,ALAD2: Aladdin 2,25.1,0.03,-0.0,2026-03-04T20:16:42
AFREV,AFREV: Alice + Freda Forever,0.07,0.0,0.0,2026-03-04T20:16:42
ALIE6,ALIE6: Alien sequel,75.25,0.5,1.0,2026-03-04T20:16:42
ALIT2,ALIT2: Alita: Battle Angel 2,31.56,0.02,-0.0,2026-03-04T20:16:42
ATIAM,ATIAM: All That I Am,0.14,0.02,17.0,2026-03-04T20:16:42
ALUJA,ALUJA: Allelujah,0.08,0.01,14.0,2026-03-04T20:16:42
ALMA,ALMA: Alma,3.14,0.0,0.0,2026-03-04T20:16:42
ADAWN,ADAWN: Alone at Dawn aka Combat...,20.81,0.03,0.0,2026-03-04T20:16:42
ALTGT,ALTGT: Alone Together,2.86,0.0,0.0,2026-03-04T20:16:42
ALPH,ALPH: Alpha - Neon,0.36,-0.02,-5.0,2026-03-04T20:16:42
ALPH1,ALPH1: Alpha - YRF,1.29,0.02,2.0,2026-03-04T20:16:42
ALPHG,ALPHG: Alpha Gang,3.48,0.01,0.0,2026-03-04T20:16:42
APSYC,APSYC: American Psycho,24.14,0.08,-0.0,2026-03-04T20:16:42
AMRSN,AMRSN: American Son,0.13,0.0,0.0,2026-03-04T20:16:42
AMRUM,AMRUM: Amrum,0.58,-0.04,-6.0,2026-03-04T20:16:42
ATTWN,ATTWN: And Then There Were None,0.52,0.0,0.0,2026-03-04T20:16:42
ANDOR,ANDOR: Andorra,0.11,0.0,0.0,2026-03-04T20:16:42
AFARM,AFARM: Animal Farm,15.8,0.1,1.0,2026-03-04T20:16:42
ANFRN,ANFRN: Animal Friends,64.73,-0.85,-1.0,2026-03-04T20:16:42
ANTRC,ANTRC: Antarctica,6.51,0.0,0.0,2026-03-04T20:16:42
ANXPE,ANXPE: Anxious People,10.35,0.0,0.0,2026-03-04T20:16:42
ARCNG,ARCNG: Archangel,15.82,-0.09,-1.0,2026-03-04T20:16:42
ARMWR,ARMWR: Armor Wars,33.55,0.04,-0.0,2026-03-04T20:16:42
AIFIC,AIFIC: Artificial,20.07,0.08,-0.0,2026-03-04T20:16:42
ARTIR,ARTIR: Artist in Residence,0.02,0.0,0.0,2026-03-04T20:16:42
ASSNT,ASSNT: Assassination,8.02,0.02,-0.0,2026-03-04T20:16:42
ASLIV,ASLIV: Assisted Living,0.06,0.0,0.0,2026-03-04T20:16:42
ASTAI,ASTAI: Astaire,5.25,0.01,0.0,2026-03-04T20:16:42
ATSEA,ATSEA: At the Sea,2.05,0.0,0.0,2026-03-04T20:16:42
A50FW,A50FW: Attack of the 50 Foot Woman,55.78,0.18,0.0,2026-03-04T20:16:42
ATBL2,ATBL2: Attack the Block 2,0.23,0.0,0.0,2026-03-04T20:16:42
AUDTN,AUDTN: Audition,3.71,0.07,2.0,2026-03-04T20:16:42
AVNG5,AVNG5: Avengers: Doomsday,539.11,0.87,-0.0,2026-03-04T20:16:42
AVNG6,AVNG6: Avengers: Secret Wars,476.89,0.5,-0.0,2026-03-04T20:16:42
BBIES,BBIES: Babies,19.73,0.01,-0.0,2026-03-04T20:16:42
BDRV2,BDRV2: Baby Driver 2,2.71,0.0,0.0,2026-03-04T20:16:42
BACRM,BACRM: Backrooms,29.36,0.07,0.0,2026-03-04T20:16:42
BDBLD,BDBLD: Bad Blood,0.03,0.02,200.0,2026-03-04T20:16:42
BFAIR,BFAIR: Bad Fairies,42.45,0.05,-0.0,2026-03-04T20:16:42
BADLT,BADLT: Bad Lieutenant: Tokyo,2.91,0.0,0.0,2026-03-04T20:16:42
BAGMN,BAGMN: Bag Man,0.23,0.05,28.0,2026-03-04T20:16:42
BALES,BALES: Balestra,0.01,0.0,0.0,2026-03-04T20:16:42
BALUP,BALUP: Balls Up,16.27,0.08,0.0,2026-03-04T20:16:42
BAMBI,BAMBI: Bambi,13.63,0.05,0.0,2026-03-04T20:16:42
BSTNW,BSTNW: Bando Stone & The New World,0.11,0.0,0.0,2026-03-04T20:16:42
BARBA,BARBA: Barbarella,27.13,0.04,-0.0,2026-03-04T20:16:42
BRNEY,BRNEY: Barney,4.9,-0.05,-1.0,2026-03-04T20:16:42
BATON,BATON: Baton,5.9,0.39,7.0,2026-03-04T20:16:42
BGALW,BGALW: Battle Of Galwan,1.32,-0.02,-1.0,2026-03-04T20:16:42
BGALA,BGALA: Battlestar Galactica,1.97,0.0,0.0,2026-03-04T20:16:42
BEARC,BEARC: Bear Country,9.71,0.02,0.0,2026-03-04T20:16:42
BUTIF,BUTIF: Beautiful,3.76,0.02,1.0,2026-03-04T20:16:42
BEDFP,BEDFP: Bedford Park,1.45,-0.04,-3.0,2026-03-04T20:16:42
BEHEM,BEHEM: Behemoth!,15.89,0.01,-0.0,2026-03-04T20:16:42
BMRTL,BMRTL: Being Mortal,0.14,0.01,8.0,2026-03-04T20:16:42
BELYB,BELYB: Belly of the Beast,3.91,0.0,0.0,2026-03-04T20:16:42
BSTRM,BSTRM: Beneath the Storm,4.76,0.05,1.0,2026-03-04T20:16:42
BTRIA,BTRIA: Bermuda,0.84,0.01,1.0,2026-03-04T20:16:42
BTMTN,BTMTN: Big Thunder Mountain,19.95,0.01,0.0,2026-03-04T20:16:42
HMHAS,HMHAS: Billie Eilish - Hit Me...,24.02,0.05,-0.0,2026-03-04T20:16:42
BDSPY,BDSPY: Billion Dollar Spy,6.44,0.01,-0.0,2026-03-04T20:16:42
BITRC,BITRC: Bitter Christmas,1.01,0.02,2.0,2026-03-04T20:16:42
BPNT3,BPNT3: Black Panther 3,242.1,0.16,-0.0,2026-03-04T20:16:42
BLAD1,BLAD1: Blade,27.96,0.06,-0.0,2026-03-04T20:16:42
BOTGS,BOTGS: Blades of the Guardians,1.86,-0.04,-2.0,2026-03-04T20:16:42
BLOSN,BLOSN: Blood on Snow,17.56,0.06,-0.0,2026-03-04T20:16:42
BLUEY,BLUEY: Bluey the Movie,138.2,0.84,1.0,2026-03-04T20:16:42
BOBTB,BOBTB: Bob the Builder,14.66,0.01,-0.0,2026-03-04T20:16:42
BOUNA,BOUNA: Boiuna: Legend of the Amazon,20.28,0.5,3.0,2026-03-04T20:16:42
VIAGR,VIAGR: Boner aka Rise,2.33,0.01,-0.0,2026-03-04T20:16:42
BORD2,BORD2: Border 2,3.64,0.04,1.0,2026-03-04T20:16:42
BOYBN,BOYBN: Boy Band,19.6,0.0,0.0,2026-03-04T20:16:42
BRAND,BRAND: Branded,0.04,0.0,0.0,2026-03-04T20:16:42
BRAT2,BRAT2: Bratz,15.06,0.05,-0.0,2026-03-04T20:16:42
BRIAN,BRIAN: Brian,2.91,0.0,0.0,2026-03-04T20:16:42
BRIDS,BRIDS: Brides,3.69,0.02,1.0,2026-03-04T20:16:42
BRTWT,BRTWT: Brightwater,0.01,0.0,0.0,2026-03-04T20:16:42
BROSW,BROSW: Broadsword,56.4,0.09,-0.0,2026-03-04T20:16:42
BRLEE,BRLEE: Bruce Lee,11.48,0.04,0.0,2026-03-04T20:16:42
BUBSQ,BUBSQ: Bubble & Squeak,0.52,0.0,0.0,2026-03-04T20:16:42
BUCFA,BUCFA: Bucking Fastard,1.91,0.0,0.0,2026-03-04T20:16:42
BUDS,BUDS: Buds,36.71,0.26,1.0,2026-03-04T20:16:42
BULK,BULK: Bulk,0.83,0.02,2.0,2026-03-04T20:16:42
BULIT,BULIT: Bullitt,20.63,0.05,-0.0,2026-03-04T20:16:42
BUNKR,BUNKR: Bunker,5.24,0.03,1.0,2026-03-04T20:16:42
BNYLV,BNYLV: Bunnylovr,0.45,0.0,0.0,2026-03-04T20:16:42
BFJAM,BFJAM: Butterfly Jam,1.55,0.02,1.0,2026-03-04T20:16:42
BYALL,BYALL: By All,1.36,0.0,0.0,2026-03-04T20:16:42
CI34,CI34: By Any Means aka CI-34,19.5,0.04,0.0,2026-03-04T20:16:42
BYDSG,BYDSG: By Design,0.15,0.0,0.0,2026-03-04T20:16:42
CLMTY,CLMTY: Calamity Hustle,22.63,0.06,-0.0,2026-03-04T20:16:42
CASHM,CASHM: California Schemin',1.17,-0.01,-1.0,2026-03-04T20:16:42
CIGAW,CIGAW: Can I Get a Witness,0.46,0.01,2.0,2026-03-04T20:16:42
CAEOD,CAEOD: Carnival: At the End of Days,11.01,0.04,0.0,2026-03-04T20:16:42
CROLN,CROLN: Carolina Caroline,1.25,-0.02,-2.0,2026-03-04T20:16:42
CAROS,CAROS: Carousel,1.53,-0.01,-1.0,2026-03-04T20:16:42
CHARP,CHARP: Charlie Harper,4.66,-0.03,-1.0,2026-03-04T20:16:42
COBAB,COBAB: Children of Blood and Bone,16.79,-0.16,-1.0,2026-03-04T20:16:42
IMCHP,IMCHP: Chippendales,0.02,0.0,0.0,2026-03-04T20:16:42
CCBB,CCBB: Chitty Chitty Bang Bang,19.27,0.04,-0.0,2026-03-04T20:16:42
CHLO,CHLO: Chloe aka Untitled Jesse...,5.83,-0.05,-1.0,2026-03-04T20:16:42
CRSTN,CRSTN: Christine,15.34,0.01,-0.0,2026-03-04T20:16:42
CTOFR,CTOFR: City on Fire,10.78,0.06,1.0,2026-03-04T20:16:42
CLRIS,CLRIS: Clarissa,4.89,-0.34,-7.0,2026-03-04T20:16:42
CLAYF,CLAYF: Clayface,68.02,-0.45,-1.0,2026-03-04T20:16:42
CEOPT,CEOPT: Cleopatra - Paramount,4.41,0.01,-0.0,2026-03-04T20:16:42
CLEOP,CLEOP: Cleopatra - Sony,21.77,0.0,0.0,2026-03-04T20:16:42
CLFHN,CLFHN: Cliffhanger,8.43,0.02,-0.0,2026-03-04T20:16:42
CTBR2,CTBR2: Clifford the Big Red Dog 2,1.16,0.0,0.0,2026-03-04T20:16:42
CLIKA,CLIKA: Clika,4.03,0.01,-0.0,2026-03-04T20:16:42
CLOV2,CLOV2: Cloverfield 2,13.21,0.02,0.0,2026-03-04T20:16:42
CLUE,CLUE: Clue,13.29,0.02,-0.0,2026-03-04T20:16:42
COMEL,COMEL: Cocomelon the Movie,56.93,0.05,-0.0,2026-03-04T20:16:42
CLDP2,CLDP2: Cold Pursuit 2,0.62,0.0,0.0,2026-03-04T20:16:42
CLDST,CLDST: Cold Storage,1.72,-0.18,-9.0,2026-03-04T20:16:42
CNCPT,CNCPT: Conception,0.92,-0.02,-2.0,2026-03-04T20:16:42
CNST2,CNST2: Constantine 2,36.33,0.09,0.0,2026-03-04T20:16:42
COTRL,COTRL: Control,6.75,0.0,0.0,2026-03-04T20:16:42
COLER,COLER: Cooler,1.84,-0.01,-1.0,2026-03-04T20:16:42
CRPRT,CRPRT: Corporate Retreat,4.64,0.02,-0.0,2026-03-04T20:16:42
STCHS,STCHS: Couture aka Stitches,2.78,0.65,31.0,2026-03-04T20:16:42
CVACM,CVACM: Coyote vs. ACME,35.39,0.0,0.0,2026-03-04T20:16:42
CRAW2,CRAW2: Crawl 2,11.13,-0.06,-1.0,2026-03-04T20:16:42
CRAS2,CRAS2: Crazy Rich Asians 2:...,20.05,0.03,-0.0,2026-03-04T20:16:42
CREE4,CREE4: Creed IV,31.14,0.06,0.0,2026-03-04T20:16:42
CRIM1,CRIM1: Crime 101,32.82,-0.77,-2.0,2026-03-04T20:16:42
CACRM,CACRM: Crime After Crime,0.08,0.0,0.0,2026-03-04T20:16:42
CRUL2,CRUL2: Cruella 2,15.41,0.02,-0.0,2026-03-04T20:16:42
CRYTH,CRYTH: Cry to Heaven,13.87,-0.22,-2.0,2026-03-04T20:16:42
CRYHM,CRYHM: Crying in H Mart,1.94,0.0,0.0,2026-03-04T20:16:42
TCOTC,TCOTC: Custom of the Country,13.86,0.72,5.0,2026-03-04T20:16:42
CUTOF,CUTOF: Cut Off,38.41,0.03,-0.0,2026-03-04T20:16:42
POLRS,POLRS: Dark Slides aka Polaris,0.06,-0.01,-14.0,2026-03-04T20:16:42
DRNKR,DRNKR: Day Drinker,11.17,-0.06,-1.0,2026-03-04T20:16:42
DAYSG,DAYSG: Days Gone,5.92,0.0,0.0,2026-03-04T20:16:42
DSTRN,DSTRN: Death Stranding,22.84,0.09,-0.0,2026-03-04T20:16:42
DPCUT,DPCUT: Deep Cuts,15.53,-0.15,-1.0,2026-03-04T20:16:42
DEEPW,DEEPW: Deep Water,4.4,0.01,0.0,2026-03-04T20:16:42
DEPER,DEPER: Deeper,36.63,0.0,0.0,2026-03-04T20:16:42
DSIC2,DSIC2: Demon Slayer: Infinity...,96.48,0.07,0.0,2026-03-04T20:16:42
DSRTW,DSRTW: Desert Warrior,1.2,0.0,0.0,2026-03-04T20:16:42
DHUR2,DHUR2: Dhurandhar: The Revenge,15.38,0.1,1.0,2026-03-04T20:16:42
DIAMN,DIAMN: Diamond,7.58,0.01,-0.0,2026-03-04T20:16:42
DIGER,DIGER: Digger aka Untitled...,116.97,0.21,-0.0,2026-03-04T20:16:42
DANC3,DANC3: Dirty Dancing sequel,20.7,0.03,0.0,2026-03-04T20:16:42
SKIES,SKIES: Disclosure Day,165.49,0.05,-0.0,2026-03-04T20:16:42
DIS10,DIS10: District 10,15.8,0.07,-0.0,2026-03-04T20:16:42
CREPR,CREPR: Do Not Enter,1.29,-0.02,-2.0,2026-03-04T20:16:42
DOCK,DOCK: Dock,0.06,0.02,50.0,2026-03-04T20:16:42
DRST3,DRST3: Doctor Strange 3,90.53,0.15,0.0,2026-03-04T20:16:42
DOGST,DOGST: Dog Stars,65.56,0.15,-0.0,2026-03-04T20:16:42
DOGYS,DOGYS: Dog Years,1.22,-0.01,-1.0,2026-03-04T20:16:42
DOLLY,DOLLY: Dolly,1.8,-0.08,-4.0,2026-03-04T20:16:42
DRCUL,DRCUL: Dracula - Universal,8.12,0.02,0.0,2026-03-04T20:16:42
DRMQL,DRMQL: Dreamquil,2.21,0.0,0.0,2026-03-04T20:16:42
DREMS,DREMS: Dreams,0.41,0.06,17.0,2026-03-04T20:16:42
DRVED,DRVED: Driver's Ed,8.13,0.02,0.0,2026-03-04T20:16:42
DUNE3,DUNE3: Dune: Part Three aka...,234.07,0.15,0.0,2026-03-04T20:16:42
EWLTZ,EWLTZ: Easy's Waltz,5.94,0.01,0.0,2026-03-04T20:16:42
EBNZR,EBNZR: Ebenezer: A Christmas Carol,76.43,0.84,1.0,2026-03-04T20:16:42
MUERT,MUERT: El Muerto,4.72,0.02,-0.0,2026-03-04T20:16:42
ELDEN,ELDEN: Elden Ring,39.29,0.06,-0.0,2026-03-04T20:16:42
11DAY,11DAY: Eleven Days,15.86,0.04,-0.0,2026-03-04T20:16:42
EMILY,EMILY: Emily the Strange,17.35,0.03,0.0,2026-03-04T20:16:42
EMPCT,EMPCT: Empire City,19.68,0.15,1.0,2026-03-04T20:16:42
ENMES,ENMES: Enemies,12.8,0.0,0.0,2026-03-04T20:16:42
EPICC,EPICC: EPiC: Elvis Presley in...,13.02,0.28,2.0,2026-03-04T20:16:42
EPHNY,EPHNY: Epiphany,4.44,0.02,-0.0,2026-03-04T20:16:42
ERUPC,ERUPC: Erupcja,0.9,-0.04,-4.0,2026-03-04T20:16:42
ESCNY,ESCNY: Escape From New York,1.47,0.02,1.0,2026-03-04T20:16:42
ETRTN,ETRTN: Eternal Return,4.8,0.0,0.0,2026-03-04T20:16:42
EVKNV,EVKNV: Evel Knievel on Tour,22.53,0.02,0.0,2026-03-04T20:16:42
SUMIT,SUMIT: Everest aka Mallory aka...,0.03,0.01,50.0,2026-03-04T20:16:42
EVNTP,EVNTP: Every Note Played,0.08,0.0,0.0,2026-03-04T20:16:42
EWTFM,EWTFM: Everyone Wants to F*ck Me,8.82,0.02,-0.0,2026-03-04T20:16:42
EVLD6,EVLD6: Evil Dead Burn,46.0,0.0,0.0,2026-03-04T20:16:42
EVLD7,EVLD7: Evil Dead Wrath,40.0,0.1,-0.0,2026-03-04T20:16:42
EXIT8,EXIT8: Exit 8,1.91,-0.01,-1.0,2026-03-04T20:16:42
FAST,FAST: F.A.S.T.,42.3,0.1,-0.0,2026-03-04T20:16:42
FBLHV,FBLHV: Fablehaven,16.2,0.02,-0.0,2026-03-04T20:16:42
FCOF2,FCOF2: Face/Off 2,5.26,-0.16,-3.0,2026-03-04T20:16:42
FACOD,FACOD: Faces of Death,9.42,0.0,0.0,2026-03-04T20:16:42
FALL2,FALL2: Fall 2,5.11,0.01,-0.0,2026-03-04T20:16:42
FAMOS,FAMOS: Famous,11.33,-0.12,-1.0,2026-03-04T20:16:42
FNTLF,FNTLF: Fantasy Life,0.25,-0.02,-7.0,2026-03-04T20:16:42
FFHS2,FFHS2: Fast & Furious Presents:...,18.04,0.05,-0.0,2026-03-04T20:16:42
FAF11,FAF11: Fast Forever aka Fast &...,125.19,0.4,0.0,2026-03-04T20:16:42
FMSB,FMSB: Father Mother Sister Brother,1.12,0.0,0.0,2026-03-04T20:16:42
FAUZI,FAUZI: Fauzi,3.87,0.0,0.0,2026-03-04T20:16:42
FTHRW,FTHRW: Featherwood,7.47,0.01,-0.0,2026-03-04T20:16:42
FELWS,FELWS: Fellowship,16.11,0.02,-0.0,2026-03-04T20:16:42
PEGLE,PEGLE: Fever,0.11,-0.02,-15.0,2026-03-04T20:16:42
FDES7,FDES7: Final Destination 7,56.58,0.1,-0.0,2026-03-04T20:16:42
CCEML,CCEML: Finding Emily aka CC: Emily,5.49,0.06,1.0,2026-03-04T20:16:42
FING,FING: Fing!,3.11,0.02,1.0,2026-03-04T20:16:42
FWARR,FWARR: First Warrior,3.64,0.05,1.0,2026-03-04T20:16:42
FJORD,FJORD: Fjord,1.86,0.0,0.0,2026-03-04T20:16:42
FLSHG,FLSHG: Flash Gordon,0.53,-0.01,-2.0,2026-03-04T20:16:42
FNAVG,FNAVG: Flight of the Navigator,0.09,-0.01,-10.0,2026-03-04T20:16:42
FLWVS,FLWVS: Flowervale Street,50.94,0.05,-0.0,2026-03-04T20:16:42
MPRN4,MPRN4: Focker In-Law aka Meet...,104.36,0.03,0.0,2026-03-04T20:16:42
FWORS,FWORS: For Worse,0.88,-0.12,-12.0,2026-03-04T20:16:42
FRBDF,FRBDF: Forbidden Fruits,2.23,0.0,0.0,2026-03-04T20:16:42
FRGIS,FRGIS: Forgotten Island,46.94,0.1,0.0,2026-03-04T20:16:42
FGODF,FGODF: Francis and the Godfather,0.05,-0.03,-38.0,2026-03-04T20:16:42
FREAG,FREAG: Free Agents,0.27,0.01,4.0,2026-03-04T20:16:42
FRIN2,FRIN2: Friday Night Lights,0.07,-0.02,-22.0,2026-03-04T20:16:42
FJWCN,FJWCN: From the World of John...,37.88,0.03,-0.0,2026-03-04T20:16:42
FROZ3,FROZ3: Frozen III,307.32,0.27,-0.0,2026-03-04T20:16:42
FRUTC,FRUTC: Fruitcake,0.09,0.0,0.0,2026-03-04T20:16:42
FPHIL,FPHIL: Full Phil,3.57,0.0,0.0,2026-03-04T20:16:42
FUNYB,FUNYB: Funny Birds,0.02,0.01,100.0,2026-03-04T20:16:42
FUZE,FUZE: Fuze,13.77,0.06,0.0,2026-03-04T20:16:42
GIJO4,GIJO4: G.I. Joe sequel,18.34,0.06,-0.0,2026-03-04T20:16:42
GDCSP,GDCSP: Gail Daughtry and the...,6.88,-0.18,-3.0,2026-03-04T20:16:42
GATTO,GATTO: Gatto,117.13,0.34,-0.0,2026-03-04T20:16:42
GEARS,GEARS: Gears of War,0.04,0.0,0.0,2026-03-04T20:16:42
GCLNT,GCLNT: George Clinton biopic,18.55,0.05,0.0,2026-03-04T20:16:42
GETLT,GETLT: Get Lite,17.93,0.05,-0.0,2026-03-04T20:16:42
GOTSU,GOTSU: Ghost of Tsushima,12.36,0.02,0.0,2026-03-04T20:16:42
GBUST,GBUST: Ghostbusters animated,4.86,0.02,0.0,2026-03-04T20:16:42
GIANT,GIANT: Giant,1.12,0.0,0.0,2026-03-04T20:16:42
GIRL,GIRL: Girl,0.13,-0.01,-7.0,2026-03-04T20:16:42
GRLGR,GRLGR: Girls Like Girls,6.7,0.04,1.0,2026-03-04T20:16:42
GRLT2,GRLT2: Girls Trip 2,15.27,0.02,-0.0,2026-03-04T20:16:42
TGOAT,TGOAT: GOAT,85.0,-0.54,-1.0,2026-03-04T20:16:42
GDSCN,GDSCN: God's Country,1.02,0.04,4.0,2026-03-04T20:16:42
GODM2,GODM2: Godzilla Minus Zero,46.61,0.05,-0.0,2026-03-04T20:16:42
GOKO3,GOKO3: Godzilla x Kong: Supernova,157.4,0.0,0.0,2026-03-04T20:16:42
ATLNT,ATLNT: Golden aka Atlantis,4.64,-0.07,-1.0,2026-03-04T20:16:42
GONZG,GONZG: Gonzo Girl,0.12,0.02,20.0,2026-03-04T20:16:42
GLHFD,"GLHFD: Good Luck, Have Fun,...",8.17,-0.14,-2.0,2026-03-04T20:16:42
GRVTR,GRVTR: Gravity Rush,8.95,0.02,0.0,2026-03-04T20:16:42
GHKTO,GHKTO: Green Hornet and Kato,8.63,0.05,1.0,2026-03-04T20:16:42
GRENH,GRENH: Greenhouse aka The...,23.16,0.02,0.0,2026-03-04T20:16:42
GREM3,GREM3: Gremlins 3,36.32,0.06,0.0,2026-03-04T20:16:42
GREND,GREND: Grendel,12.68,0.02,0.0,2026-03-04T20:16:42
GUNDM,GUNDM: Gundam,13.75,0.01,-0.0,2026-03-04T20:16:42
GUYDL,GUYDL: Guys and Dolls,20.99,0.0,0.0,2026-03-04T20:16:42
HFHWK,HFHWK: H Is For Hawk,1.01,-0.01,-1.0,2026-03-04T20:16:42
HCSYB,"HCSYB: Ha-Chan, Shake Your Booty!",1.47,-0.03,-2.0,2026-03-04T20:16:42
HAMET,HAMET: Hamlet,2.02,0.01,-0.0,2026-03-04T20:16:42
HDTH3,HDTH3: Happy Death Day To Us,10.9,0.02,-0.0,2026-03-04T20:16:42
HARBN,HARBN: Harbinger,0.02,0.0,0.0,2026-03-04T20:16:42
HARMO,HARMO: Harmonia,3.23,0.0,0.0,2026-03-04T20:16:42
HAKU4,HAKU4: Harold & Kumar 4,18.84,0.06,-0.0,2026-03-04T20:16:42
HDHUN,HDHUN: Headhunters,9.91,0.02,-0.0,2026-03-04T20:16:42
HDOTL,HDOTL: Heads or Tails,1.12,0.0,0.0,2026-03-04T20:16:42
HOTBS,HOTBS: Heart of the Beast,24.38,0.03,-0.0,2026-03-04T20:16:42
HEAT2,HEAT2: Heat 2,58.1,0.1,-0.0,2026-03-04T20:16:42
HEEL,HEEL: Heel,0.51,0.0,0.0,2026-03-04T20:16:42
HELNT,HELNT: Helen & Teacher,0.03,0.02,200.0,2026-03-04T20:16:42
HELDV,HELDV: Helldivers,85.45,-1.0,-1.0,2026-03-04T20:16:42
HLOKT,HLOKT: Hello Kitty,31.57,0.13,0.0,2026-03-04T20:16:42
HERPH,HERPH: Her Private Hell,6.41,0.03,-0.0,2026-03-04T20:16:42
HRCUL,HRCUL: Hercules aka Hades,19.32,0.03,-0.0,2026-03-04T20:16:42
HCTFL,HCTFL: Here Comes the Flood,0.43,0.04,10.0,2026-03-04T20:16:42
HERSH,HERSH: Hershey,5.97,0.05,1.0,2026-03-04T20:16:42
HEXED,HEXED: Hexed,104.21,0.24,-0.0,2026-03-04T20:16:42
HEYBR,HEYBR: Hey Bear,5.84,0.0,0.0,2026-03-04T20:16:42
TUMIA,TUMIA: Hey Joe,0.02,0.01,100.0,2026-03-04T20:16:42
HINTC,HINTC: High in the Clouds,13.19,0.04,-0.0,2026-03-04T20:16:42
HISID,HISID: High Side,30.37,-0.16,-1.0,2026-03-04T20:16:42
HIGHL,HIGHL: Highlander,37.9,0.03,0.0,2026-03-04T20:16:42
HOKUM,HOKUM: Hokum,8.34,0.02,0.0,2026-03-04T20:16:42
HOME1,HOME1: Home,11.65,0.02,0.0,2026-03-04T20:16:42
HWHRY,HWHRY: Honeymoon With Harry,12.7,0.03,0.0,2026-03-04T20:16:42
HOPE,HOPE: Hope,1.88,0.02,1.0,2026-03-04T20:16:42
HOPPR,HOPPR: Hoppers,147.91,-2.79,-2.0,2026-03-04T20:16:42
HRIZD,HRIZD: Horizon Zero Dawn,37.09,0.03,-0.0,2026-03-04T20:16:42
HORZ2,HORZ2: Horizon: An American Saga...,11.24,0.02,-0.0,2026-03-04T20:16:42
HTSPT,HTSPT: Hot Spot,1.76,0.0,0.0,2026-03-04T20:16:42
HOTWH,HOTWH: Hot Wheels,22.26,0.04,0.0,2026-03-04T20:16:42
HTHRN,HTHRN: Hotel Tehran,5.53,0.01,0.0,2026-03-04T20:16:42
HRMAN,HRMAN: Hourman,11.08,-0.06,-1.0,2026-03-04T20:16:42
HNGTN,HNGTN: How to Make a Killing,8.08,-0.16,-2.0,2026-03-04T20:16:42
HTRAB,HTRAB: How To Rob A Bank,48.86,0.1,0.0,2026-03-04T20:16:42
HTTY2,HTTY2: How to Train Your Dragon 2,184.63,0.03,-0.0,2026-03-04T20:16:42
HUNMN,HUNMN: Hunting Matthew Nichols,3.19,0.06,2.0,2026-03-04T20:16:42
HCANA,HCANA: Hurricanna,0.18,0.01,6.0,2026-03-04T20:16:42
HYPHU,HYPHU: Hypno-Hustler,6.13,0.01,-0.0,2026-03-04T20:16:42
LEGN2,LEGN2: I am Legend 2,31.66,0.07,0.0,2026-03-04T20:16:42
ICOI2,ICOI2: I Can Only Imagine 2,25.19,-0.15,-1.0,2026-03-04T20:16:42
IHMUR,IHMUR: I Heart Murder,1.24,0.01,1.0,2026-03-04T20:16:42
ILBOS,ILBOS: I Love Boosters,10.06,0.06,1.0,2026-03-04T20:16:42
IPROC,IPROC: I Play Rocky,20.69,0.03,-0.0,2026-03-04T20:16:42
ISWEA,ISWEA: I Swear,2.21,0.01,0.0,2026-03-04T20:16:42
IWYSX,IWYSX: I Want Your Sex,5.22,-0.07,-1.0,2026-03-04T20:16:42
IOBJC,"IOBJC: I, Object",1.59,-0.01,-1.0,2026-03-04T20:16:42
ICEA6,ICEA6: Ice Age: Boiling Point...,91.74,0.01,-0.0,2026-03-04T20:16:42
ICREM,ICREM: Ice Cream Man,8.96,0.02,-0.0,2026-03-04T20:16:42
ICFAL,ICFAL: Ice Fall,2.7,-0.03,-1.0,2026-03-04T20:16:42
IDOTK,IDOTK: Idiotka,0.47,0.03,7.0,2026-03-04T20:16:42
IAVN2,IAVN2: In a Violent Nature 2,4.91,-0.06,-1.0,2026-03-04T20:16:42
INCLT,INCLT: In Cold Light,0.67,0.01,2.0,2026-03-04T20:16:42
NLOVE,NLOVE: In Love,19.46,0.01,0.0,2026-03-04T20:16:42
NGREY,NGREY: In the Grey,17.18,0.03,-0.0,2026-03-04T20:16:42
ITHOD,ITHOD: In the Hand of Dante,6.69,0.0,0.0,2026-03-04T20:16:42
NCRD3,NCRD3: Incredibles 3,366.98,0.97,-0.0,2026-03-04T20:16:42
NGRND,NGRND: Inground,6.38,0.03,0.0,2026-03-04T20:16:42
INK,INK: Ink,14.45,0.04,0.0,2026-03-04T20:16:42
NSID6,NSID6: Insidious 6,33.53,0.0,0.0,2026-03-04T20:16:42
ISGOD,ISGOD: Is God Is,11.87,0.02,0.0,2026-03-04T20:16:42
ISLNS,ISLNS: Islands,0.08,0.0,0.0,2026-03-04T20:16:42
JACSP,JACSP: Jack of Spades,8.36,0.0,0.0,2026-03-04T20:16:42
RYAN1,RYAN1: Jack Ryan,26.66,-0.88,-3.0,2026-03-04T20:16:42
JCKA6,JCKA6: Jackass 5,48.6,0.16,-0.0,2026-03-04T20:16:42
JADAX,JADAX: Jak and Daxter,4.71,-0.04,-1.0,2026-03-04T20:16:42
JB26,JB26: James Bond 26,157.98,0.43,0.0,2026-03-04T20:16:42
JAMOJ,JAMOJ: Jamojaya,0.01,-0.01,-50.0,2026-03-04T20:16:42
JANE1,JANE1: Jane,11.73,-0.06,-1.0,2026-03-04T20:16:42
JDARC,JDARC: Jehanne d'Arc,22.13,0.08,-0.0,2026-03-04T20:16:42
JIMYS,JIMYS: Jimmy,8.64,0.02,0.0,2026-03-04T20:16:42
JIMPA,JIMPA: Jimpa,0.45,-0.02,-4.0,2026-03-04T20:16:42
RAMB6,RAMB6: John Rambo,36.28,0.03,-0.0,2026-03-04T20:16:42
WICK0,WICK0: John Wick Prequel,33.01,0.18,1.0,2026-03-04T20:16:42
WICK5,WICK5: John Wick: Chapter 5,104.9,0.83,1.0,2026-03-04T20:16:42
JONIM,JONIM: Joni Mitchell biopic,10.35,0.02,0.0,2026-03-04T20:16:42
JSPHN,JSPHN: Josephine,8.26,0.02,-0.0,2026-03-04T20:16:42
JUMN3,JUMN3: Jumanji sequel,157.18,0.04,0.0,2026-03-04T20:16:42
21JS3,21JS3: Jump Street: Now For Her...,0.06,0.01,20.0,2026-03-04T20:16:42
JUNG2,JUNG2: Jungle Cruise 2,16.87,0.05,-0.0,2026-03-04T20:16:42
JURA8,JURA8: Jurassic World sequel,241.73,0.15,-0.0,2026-03-04T20:16:42
JCAUS,JCAUS: Just Cause,0.13,0.0,0.0,2026-03-04T20:16:42
JUSWM,JUSWM: Just Watch Me,2.51,0.0,0.0,2026-03-04T20:16:42
JUSTC,JUSTC: Justice,0.07,0.0,0.0,2026-03-04T20:16:42
KPOPS,KPOPS: K-Pops!,0.59,0.02,4.0,2026-03-04T20:16:42
KCHML,KCHML: Karma Chameleon aka Boy...,0.1,0.0,0.0,2026-03-04T20:16:42
KAROS,KAROS: Karoshi,13.26,0.03,0.0,2026-03-04T20:16:42
KENTS,KENTS: Kent State,1.66,-0.01,-1.0,2026-03-04T20:16:42
KICK2,KICK2: Kick 2,0.71,-0.03,-4.0,2026-03-04T20:16:42
KILLC,KILLC: Killing Castro,4.59,0.01,0.0,2026-03-04T20:16:42
KGAWK,KGAWK: Killing Gawker,11.01,0.0,0.0,2026-03-04T20:16:42
KSATO,KSATO: Killing Satoshi,15.02,0.04,-0.0,2026-03-04T20:16:42
KING,KING: King,3.66,-0.03,-1.0,2026-03-04T20:16:42
KSNAK,KSNAK: King Snake,13.46,0.01,-0.0,2026-03-04T20:16:42
SPWN2,SPWN2: King Spawn ,0.56,0.0,0.0,2026-03-04T20:16:42
KLARA,KLARA: Klara and the Sun,15.98,0.02,0.0,2026-03-04T20:16:42
KOCKR,KOCKR: Kockroach,16.37,0.0,0.0,2026-03-04T20:16:42
KOKUH,KOKUH: Kokuho,1.22,-0.03,-2.0,2026-03-04T20:16:42
KFURY,KFURY: Kung Fury 2,0.04,-0.02,-33.0,2026-03-04T20:16:42
FRID4,FRID4: Last Friday,7.88,0.02,-0.0,2026-03-04T20:16:42
LMEAL,LMEAL: Last Meals,1.12,0.02,2.0,2026-03-04T20:16:42
LTTNY,LTTNY: Last Train to New York,1.65,0.01,1.0,2026-03-04T20:16:42
LTCHK,LTCHK: Latchkey Kids,0.04,0.0,0.0,2026-03-04T20:16:42
LTFAM,LTFAM: Late Fame,1.59,-0.02,-1.0,2026-03-04T20:16:42
LEREX,LEREX: Lear Rex,5.04,0.0,0.0,2026-03-04T20:16:42
TMUMY,TMUMY: Lee Cronin's The Mummy,42.24,0.13,-0.0,2026-03-04T20:16:42
LGACY,LGACY: Legacy,3.52,0.01,0.0,2026-03-04T20:16:42
BLON3,BLON3: Legally Blonde 3,8.11,0.02,0.0,2026-03-04T20:16:42
LEVIT,LEVIT: Leviticus,6.83,-0.17,-2.0,2026-03-04T20:16:42
LILS2,LILS2: Lilo & Stitch 2,240.94,0.03,-0.0,2026-03-04T20:16:42
LIPLS,LIPLS: Lips Like Sugar,2.55,0.0,0.0,2026-03-04T20:16:42
LITAM,LITAM: Little America,0.05,-0.01,-17.0,2026-03-04T20:16:42
LOBO,LOBO: Lobo,24.19,0.02,-0.0,2026-03-04T20:16:42
LOGAN,LOGAN: Logan's Run,3.66,0.03,1.0,2026-03-04T20:16:42
LDSJN,LDSJN: Long Day’s Journey Into...,0.04,0.01,33.0,2026-03-04T20:16:42
LWTLK,LWTLK: Look Who's Talking,1.6,0.0,0.0,2026-03-04T20:16:42
LRDW2,LRDW2: Lords of War,8.85,0.02,-0.0,2026-03-04T20:16:42
LORNE,LORNE: Lorne,1.61,-0.02,-1.0,2026-03-04T20:16:42
LCLEM,LCLEM: Losing Clementine,0.08,0.0,0.0,2026-03-04T20:16:42
LERTH,LERTH: Losing Earth aka The...,9.29,0.05,1.0,2026-03-04T20:16:42
LOVCH,LOVCH: Love Child,0.07,0.01,17.0,2026-03-04T20:16:42
LINTA,LINTA: Love is Not the Answer,5.03,-0.03,-1.0,2026-03-04T20:16:42
LVLNG,LVLNG: Love Language,2.83,0.0,0.0,2026-03-04T20:16:42
LOYLF,LOYLF: Love of Your Life,7.51,-0.05,-1.0,2026-03-04T20:16:42
LUCAM,LUCAM: Lucca Mortis aka Untitled...,0.01,0.0,0.0,2026-03-04T20:16:42
LUCLU,LUCLU: Lucky Lu,0.62,-0.01,-2.0,2026-03-04T20:16:42
LCKYS,LCKYS: Lucky Strike,4.61,-0.05,-1.0,2026-03-04T20:16:42
LUNIK,LUNIK: Lunik Heist,11.22,0.02,0.0,2026-03-04T20:16:42
MA2,MA2: Ma 2,16.13,0.05,-0.0,2026-03-04T20:16:42
MADEN,MADEN: Madden,7.2,0.02,-0.0,2026-03-04T20:16:42
MADDS,MADDS: Maddie's Secret,0.2,0.02,11.0,2026-03-04T20:16:42
MGELN,MGELN: Magellan,0.23,0.01,5.0,2026-03-04T20:16:42
MGCHR,MGCHR: Magic Hour,0.87,0.01,1.0,2026-03-04T20:16:42
MGCTG,MGCTG: Magic: The Gathering,34.83,0.01,0.0,2026-03-04T20:16:42
MAMI3,MAMI3: Mamma Mia 3,31.1,0.07,-0.0,2026-03-04T20:16:42
SPMOT,SPMOT: Man of Tomorrow,249.16,0.61,-0.0,2026-03-04T20:16:42
MARCS,MARCS: Marc by Sofia,0.71,0.0,0.0,2026-03-04T20:16:42
MARGC,MARGC: Margie Claus,34.3,0.03,0.0,2026-03-04T20:16:42
MASER,MASER: Maserati: The Brothers,5.23,0.01,-0.0,2026-03-04T20:16:42
HEMAN,HEMAN: Masters of the Universe,97.2,0.15,0.0,2026-03-04T20:16:42
MGMAT,"MGMAT: Maya, Give Me A Title",0.29,0.0,0.0,2026-03-04T20:16:42
MCRTY,MCRTY: McCarthy ,0.03,-0.02,-40.0,2026-03-04T20:16:42
MTBAR,MTBAR: Meet the Barbarians,0.04,-0.01,-20.0,2026-03-04T20:16:42
MGAMN,MGAMN: Mega Man,0.08,0.0,0.0,2026-03-04T20:16:42
MENAC,MENAC: Menace,0.39,0.01,3.0,2026-03-04T20:16:42
MERLN,MERLN: Merlin,0.04,0.0,0.0,2026-03-04T20:16:42
MWRA,MWRA: Merrily We Roll Along -...,1.16,0.02,2.0,2026-03-04T20:16:42
MTLGR,MTLGR: Metal Gear Solid,4.51,0.01,-0.0,2026-03-04T20:16:42
METAL,METAL: Metal Men,7.99,0.03,-0.0,2026-03-04T20:16:42
MIVIC,MIVIC: Miami Vice,97.43,0.06,0.0,2026-03-04T20:16:42
MJACK,MJACK: Michael ,185.24,0.39,-0.0,2026-03-04T20:16:42
MJAC2,MJAC2: Michael 2,142.68,0.0,0.0,2026-03-04T20:16:42
MDNIT,MDNIT: Midnight,3.71,0.01,-0.0,2026-03-04T20:16:42
MIDWB,MIDWB: Midwinter Break,2.05,0.0,0.0,2026-03-04T20:16:42
MNANA,MNANA: Mike & Nick & Nick & Alice,1.95,0.01,1.0,2026-03-04T20:16:42
MILJU,MILJU: Miles & Juliette,3.96,0.0,0.0,2026-03-04T20:16:42
DRACU,DRACU: Mina Harker aka Dracula -...,0.29,0.0,0.0,2026-03-04T20:16:42
MNIO3,MNIO3: Minions & Monsters,328.64,0.19,-0.0,2026-03-04T20:16:42
MSDRC,MSDRC: Misdirection,0.77,0.0,0.0,2026-03-04T20:16:42
MSPIG,MSPIG: Miss Piggy,36.17,0.03,-0.0,2026-03-04T20:16:42
MSTYG,MSTYG: Misty Green,13.39,0.06,-0.0,2026-03-04T20:16:42
MOAN1,MOAN1: Moana,225.12,0.3,-0.0,2026-03-04T20:16:42
MOBGR,MOBGR: Mob Girl,0.05,0.0,0.0,2026-03-04T20:16:42
MOMO,MOMO: Momo,4.71,-0.08,-2.0,2026-03-04T20:16:42
MONOP,MONOP: Monopoly,9.19,0.01,-0.0,2026-03-04T20:16:42
MONHI,MONHI: Monster High,24.07,0.04,-0.0,2026-03-04T20:16:42
MORLC,MORLC: Moral Capacity,5.42,0.02,-0.0,2026-03-04T20:16:42
MRNIN,MRNIN: Morning,3.3,-0.05,-1.0,2026-03-04T20:16:42
MKMB2,MKMB2: Mortal Kombat II,72.67,0.07,0.0,2026-03-04T20:16:42
MMARY,MMARY: Mother Mary,8.84,0.02,-0.0,2026-03-04T20:16:42
MONAT,MONAT: Mother Nature,0.09,0.02,29.0,2026-03-04T20:16:42
MTRCT,MTRCT: Motor City,8.15,0.01,-0.0,2026-03-04T20:16:42
MREVL,MREVL: Mr. Irrevelant aka...,16.68,0.22,1.0,2026-03-04T20:16:42
MURSW,"MURSW: Murder, She Wrote",22.35,0.06,0.0,2026-03-04T20:16:42
MUSCL,MUSCL: Muscle,0.05,-0.02,-29.0,2026-03-04T20:16:42
MUSK,MUSK: Musk,2.89,-0.03,-1.0,2026-03-04T20:16:42
MUTNY,MUTNY: Mutiny,21.52,0.05,0.0,2026-03-04T20:16:42
MEXFW,MEXFW: My Ex-Friend's Wedding,9.6,0.01,0.0,2026-03-04T20:16:42
MFSHD,MFSHD: My Father's Shadow,0.17,0.03,21.0,2026-03-04T20:16:42
NAR,NAR: NAR,1.21,0.01,1.0,2026-03-04T20:16:42
NARN4,NARN4: Narnia aka The Chronicles...,17.52,0.13,1.0,2026-03-04T20:16:42
NARUT,NARUT: Naruto,19.22,0.02,0.0,2026-03-04T20:16:42
ZMBRO,ZMBRO: New York Will Eat You...,0.48,-0.01,-2.0,2026-03-04T20:16:42
SOLIT,SOLIT: Newborn,0.72,-0.03,-4.0,2026-03-04T20:16:42
NEXLF,NEXLF: Next Life,2.0,0.0,0.0,2026-03-04T20:16:42
NCKEL,NCKEL: Nickels,1.72,-0.01,-1.0,2026-03-04T20:16:42
NBTNG,NBTNG: Night Boat to Tangier,1.78,-0.02,-1.0,2026-03-04T20:16:42
HFAL4,HFAL4: Night Has Fallen,1.74,-0.01,-1.0,2026-03-04T20:16:42
NOTLD,NOTLD: Night of the Living Dead,3.35,0.01,0.0,2026-03-04T20:16:42
NIMRD,NIMRD: Nimrods aka New Years Rev,5.03,0.02,-0.0,2026-03-04T20:16:42
NTBTS,NTBTS: Nirvanna The Band The...,3.84,0.16,4.0,2026-03-04T20:16:42
NBNTN,NBNTN: Nobody Nothing Nowhere ,1.6,0.0,0.0,2026-03-04T20:16:42
NOBDH,NOBDH: Nobody’s Heart,0.09,0.0,0.0,2026-03-04T20:16:42
NOMD1,NOMD1: Nomad,1.32,0.0,0.0,2026-03-04T20:16:42
NORML,NORML: Normal,18.9,0.05,-0.0,2026-03-04T20:16:42
NBLKL,NBLKL: Not Bloody Likely,0.1,0.0,0.0,2026-03-04T20:16:42
OBSSN,OBSSN: Obsession,19.65,0.02,-0.0,2026-03-04T20:16:42
OCEN5,OCEN5: Ocean's ,51.74,-1.29,-2.0,2026-03-04T20:16:42
OCTOB,OCTOB: October,6.95,0.01,-0.0,2026-03-04T20:16:42
OTPYG,"OTPYG: Oh, the Places You'll Go",102.3,0.09,-0.0,2026-03-04T20:16:42
OGMTN,OGMTN: Old Gold Mountain,13.92,0.02,-0.0,2026-03-04T20:16:42
OMITD,OMITD: Old Man in the Dunes,9.6,0.02,0.0,2026-03-04T20:16:42
OMAHA,OMAHA: Omaha,0.33,0.03,10.0,2026-03-04T20:16:42
ONTON,ONTON: One Night Only,23.35,0.04,-0.0,2026-03-04T20:16:42
1OTD2,1OTD2: One of Them Days 2,15.74,0.02,-0.0,2026-03-04T20:16:42
1PMAN,1PMAN: One Punch Man ,8.88,0.01,0.0,2026-03-04T20:16:42
OWWC,OWWC: Only What We Carry,1.57,0.0,0.0,2026-03-04T20:16:42
ONSLT,ONSLT: Onslaught,8.08,0.02,-0.0,2026-03-04T20:16:42
ORPAN,ORPAN: Orphan,0.14,-0.01,-7.0,2026-03-04T20:16:42
IATHS,IATHS: Other Mommy aka Incidents...,29.63,0.13,-0.0,2026-03-04T20:16:42
OUTCM,OUTCM: Outcome,3.47,0.02,1.0,2026-03-04T20:16:42
OTDRK,OTDRK: Outer Dark,7.67,0.0,0.0,2026-03-04T20:16:42
TETRP,TETRP: Over Your Dead Body,9.15,0.23,3.0,2026-03-04T20:16:42
PANTR,PANTR: Painter,5.85,-0.03,-1.0,2026-03-04T20:16:42
PPLA2,PPLA2: Panda Plan 2: The Magical...,0.71,-0.04,-5.0,2026-03-04T20:16:42
PNCRF,PNCRF: Panic Carefully,19.56,0.02,-0.0,2026-03-04T20:16:42
PANOP,PANOP: Panopticon ,0.05,-0.01,-17.0,2026-03-04T20:16:42
PTIGR,PTIGR: Paper Tiger,22.78,0.05,0.0,2026-03-04T20:16:42
PRLLT,PRLLT: Parallel Tales,1.42,0.0,0.0,2026-03-04T20:16:42
PNAC8,PNAC8: Paranormal Activity 8,29.3,0.43,1.0,2026-03-04T20:16:42
PRSPM,PRSPM: Paris Paramount aka...,48.22,0.84,2.0,2026-03-04T20:16:42
PSNGR,PSNGR: Passenger,23.28,0.24,1.0,2026-03-04T20:16:42
MORUN,MORUN: Paul McCartney: Man on...,1.04,-0.04,-4.0,2026-03-04T20:16:42
PAWP3,PAWP3: PAW Patrol: The Dino Movie,35.67,0.0,0.0,2026-03-04T20:16:42
PEACH,PEACH: Peaches,0.89,0.01,1.0,2026-03-04T20:16:42
PEAKD,PEAKD: Peaked,9.66,0.05,1.0,2026-03-04T20:16:42
PEKBL,PEKBL: Peaky Blinders: The...,0.39,0.0,0.0,2026-03-04T20:16:42
PNDLM,PNDLM: Pendulum ,6.54,0.0,0.0,2026-03-04T20:16:42
PFECT,PFECT: Perfect,0.17,0.0,0.0,2026-03-04T20:16:42
PRFCG,PRFCG: Perfect Girl,7.09,0.02,-0.0,2026-03-04T20:16:42
PHSON,PHSON: Phantom Son,9.07,0.02,-0.0,2026-03-04T20:16:42
PHILY,PHILY: Philly,2.36,0.01,0.0,2026-03-04T20:16:42
PILON,PILON: Pillion,5.01,0.04,1.0,2026-03-04T20:16:42
PIRT6,PIRT6: Pirates of the Caribbean 6,44.33,0.0,0.0,2026-03-04T20:16:42
PLCTB,PLCTB: Place to Be,2.78,-0.02,-1.0,2026-03-04T20:16:42
PTAUT,"PTAUT: Planes, Trains and...",7.81,0.02,-0.0,2026-03-04T20:16:42
APES5,APES5: Planet of the Apes sequel,53.81,0.0,0.0,2026-03-04T20:16:42
PLAYD,PLAYD: Play Dead,7.56,0.02,-0.0,2026-03-04T20:16:42
PLICN,PLICN: Poetic License,8.03,0.05,1.0,2026-03-04T20:16:42
PIKA2,PIKA2: Pokemon: Detective Pikachu 2,17.41,0.02,-0.0,2026-03-04T20:16:42
POLYP,POLYP: Polly Pocket,18.09,0.02,-0.0,2026-03-04T20:16:42
PORTL,PORTL: Portal,0.06,-0.02,-25.0,2026-03-04T20:16:42
PWRBL,PWRBL: Power Ballad,14.25,0.38,3.0,2026-03-04T20:16:42
PWRNG,PWRNG: Power Rangers,2.15,0.0,0.0,2026-03-04T20:16:42
PRAC2,PRAC2: Practical Magic 2,49.14,0.06,0.0,2026-03-04T20:16:42
PRSUR,PRSUR: Pressure,18.65,0.03,-0.0,2026-03-04T20:16:42
PINK2,PINK2: Pretty in Pink 2,0.04,0.0,0.0,2026-03-04T20:16:42
BALOD,BALOD: Pretty Lethal,3.24,0.01,-0.0,2026-03-04T20:16:42
PRMTM,PRMTM: Primetime,14.82,0.02,-0.0,2026-03-04T20:16:42
PCHRM,PCHRM: Prince Charming,30.27,0.01,0.0,2026-03-04T20:16:42
APQD2,APQD2: Priscilla: Queen of the...,5.14,0.0,0.0,2026-03-04T20:16:42
PRJHM,PRJHM: Project Hail Mary,197.79,-1.15,-1.0,2026-03-04T20:16:42
PRTEC,PRTEC: Protector,1.55,0.13,9.0,2026-03-04T20:16:42
PROXY,PROXY: Proxy,0.14,0.02,17.0,2026-03-04T20:16:42
PSYKL,PSYKL: Psycho Killer,3.86,0.13,3.0,2026-03-04T20:16:42
QUBON,QUBON: Queen of Bones,0.13,-0.01,-7.0,2026-03-04T20:16:42
RNBW6,RNBW6: Rainbow Six,12.73,0.04,0.0,2026-03-04T20:16:42
REYEB,REYEB: Raised Eyebrows ,0.06,0.0,0.0,2026-03-04T20:16:42
RAMAY,RAMAY: Ramayana,8.23,0.02,0.0,2026-03-04T20:16:42
RNGAP,RNGAP: Ranger's Apprentice,0.07,-0.02,-22.0,2026-03-04T20:16:42
RAYGN,RAYGN: Ray Gunn,6.8,0.01,0.0,2026-03-04T20:16:42
RLITA,RLITA: Reading Lolita in Tehran,0.6,0.0,0.0,2026-03-04T20:16:42
RONO2,RONO2: Ready or Not 2: Here I Come,26.96,-0.25,-1.0,2026-03-04T20:16:42
RNACT,RNACT: Reenactment,5.64,0.0,0.0,2026-03-04T20:16:42
REMAN,REMAN: Remain,63.53,0.16,-0.0,2026-03-04T20:16:42
RMNDH,RMNDH: Reminders of Him,25.79,0.2,1.0,2026-03-04T20:16:42
REPTI,REPTI: Reptilia,6.51,0.03,-0.0,2026-03-04T20:16:42
RESE8,RESE8: Resident Evil ,52.63,0.01,0.0,2026-03-04T20:16:42
REYKJ,REYKJ: Reykjavik,1.12,-0.01,-1.0,2026-03-04T20:16:42
RCFLU,RCFLU: Rich Flu,0.13,0.01,8.0,2026-03-04T20:16:42
RIDC3,RIDC3: Riddick: Furya,4.5,-0.03,-1.0,2026-03-04T20:16:42
RHANA,RHANA: Rihanna documentary,1.17,0.0,0.0,2026-03-04T20:16:42
RVRUN,RVRUN: Riverrun,1.79,-0.01,-1.0,2026-03-04T20:16:42
RTECH,RTECH: Robotech,6.74,0.01,0.0,2026-03-04T20:16:42
ROCSP,ROCSP: Rock Springs,1.54,0.02,1.0,2026-03-04T20:16:42
RMSMR,RMSMR: Rock'em Sock'em Robots,15.11,0.0,0.0,2026-03-04T20:16:42
RTROP,RTROP: Rogue Trooper ,4.07,0.0,0.0,2026-03-04T20:16:42
ROMY2,ROMY2: Romy & Michelle 2,16.41,0.01,-0.0,2026-03-04T20:16:42
RBOYL,RBOYL: Ronan Boyle and the...,12.79,0.09,1.0,2026-03-04T20:16:42
ROSE,ROSE: Rose,2.0,0.0,0.0,2026-03-04T20:16:42
ROSNV,ROSNV: Rose of Nevada,0.87,0.0,0.0,2026-03-04T20:16:42
RPRUN,RPRUN: Rosebush Pruning,2.0,0.01,-0.0,2026-03-04T20:16:42
ROTHK,ROTHK: Rothko,0.02,0.0,0.0,2026-03-04T20:16:42
RUNNR,RUNNR: Runner,7.56,0.02,-0.0,2026-03-04T20:16:42
RUSH4,RUSH4: Rush Hour 4,20.13,0.07,-0.0,2026-03-04T20:16:42
SCHRN,SCHRN: Saccharine,1.64,-0.08,-5.0,2026-03-04T20:16:42
SCRIF,SCRIF: Sacrifice,16.72,0.0,0.0,2026-03-04T20:16:42
SAVDO,SAVDO: Sam & Victor’s Day Off,8.19,0.03,-0.0,2026-03-04T20:16:42
SAMOL,SAMOL: Samo Lives,0.96,0.0,0.0,2026-03-04T20:16:42
SVGHS,SVGHS: Savage House,0.19,0.0,0.0,2026-03-04T20:16:42
SAW11,SAW11: Saw XI aka Saw 11,24.46,0.01,-0.0,2026-03-04T20:16:42
SCAND,SCAND: Scandalous,7.54,0.02,-0.0,2026-03-04T20:16:42
SCARF,SCARF: Scarface,0.31,0.01,3.0,2026-03-04T20:16:42
SCRLT,SCRLT: Scarlet,2.9,-0.06,-2.0,2026-03-04T20:16:42
SCAR6,SCAR6: Scary Movie 6,62.42,0.88,1.0,2026-03-04T20:16:42
SCRM7,SCRM7: Scream 7,106.02,-0.87,-1.0,2026-03-04T20:16:42
SOAWA,SOAWA: Seance on a Wet Afternoon,4.08,-0.22,-5.0,2026-03-04T20:16:42
SYWIS,SYWIS: See You When I See You,1.88,0.0,0.0,2026-03-04T20:16:42
SEMGD,SEMGD: Semplica Girl Diaries,2.81,0.01,0.0,2026-03-04T20:16:42
SENDR,SENDR: Sender,8.62,0.01,-0.0,2026-03-04T20:16:42
SNSNS,SNSNS: Sense and Sensibility,18.67,0.02,0.0,2026-03-04T20:16:42
SEPRM,SEPRM: Separate Rooms,1.62,0.01,1.0,2026-03-04T20:16:42
SESAM,SESAM: Sesame Street,0.97,0.01,1.0,2026-03-04T20:16:42
SGROC,SGROC: Sgt. Rock,24.53,0.04,-0.0,2026-03-04T20:16:42
SHCKL,SHCKL: Shackleton,2.79,0.01,-0.0,2026-03-04T20:16:42
SHCH2,SHCH2: Shang-Chi 2,44.53,0.11,-0.0,2026-03-04T20:16:42
SHEP3,SHEP3: Shaun The Sheep: The...,10.85,0.04,-0.0,2026-03-04T20:16:42
SDANC,SDANC: She Dances,1.38,-0.02,-1.0,2026-03-04T20:16:42
SHVER,SHVER: Shiver aka Untitled Tim...,72.5,0.83,1.0,2026-03-04T20:16:42
SHKWV,SHKWV: Shockwave,0.08,0.0,0.0,2026-03-04T20:16:42
SHIOL,SHIOL: Shout It Out Loud,16.76,0.04,-0.0,2026-03-04T20:16:42
SHRK5,SHRK5: Shrek 5,228.86,0.17,-0.0,2026-03-04T20:16:42
SICA3,SICA3: Sicario 3,4.21,0.02,-0.0,2026-03-04T20:16:42
SLNTF,SLNTF: Silent Friend,0.73,0.0,0.0,2026-03-04T20:16:42
SING3,SING3: Sing 3,54.51,0.15,-0.0,2026-03-04T20:16:42
SLANT,SLANT: Slanted,6.34,-0.13,-2.0,2026-03-04T20:16:42
SLPDG,SLPDG: Sleeping Dogs,9.0,0.0,0.0,2026-03-04T20:16:42
SMIL3,SMIL3: Smile 3,22.57,0.07,-0.0,2026-03-04T20:16:42
SNIFF,SNIFF: Sniff,0.01,-0.01,-50.0,2026-03-04T20:16:42
SNOOP,SNOOP: Snoop Dogg Biopic,23.35,0.01,-0.0,2026-03-04T20:16:42
SOIL,SOIL: Soil,0.05,0.01,25.0,2026-03-04T20:16:42
SWOTH,SWOTH: Somewhere Out There,2.76,0.0,0.0,2026-03-04T20:16:42
SONC4,SONC4: Sonic the Hedgehog 4,161.11,1.01,1.0,2026-03-04T20:16:42
SOM8T,SOM8T: Soulm8te,9.02,0.13,1.0,2026-03-04T20:16:42
SOFAL,SOFAL: Sound of Falling,0.08,0.01,14.0,2026-03-04T20:16:42
SPAWK,SPAWK: Spa Weekend,15.58,0.32,2.0,2026-03-04T20:16:42
SPCB2,SPCB2: Spaceballs 2,123.2,0.06,-0.0,2026-03-04T20:16:42
ASPD3,ASPD3: Spider-Man: Beyond the...,231.32,0.01,-0.0,2026-03-04T20:16:42
SPID9,SPID9: Spider-Man: Brand New Day,416.98,0.5,-0.0,2026-03-04T20:16:42
SPDWM,SPDWM: Spider-Woman,18.58,0.0,0.0,2026-03-04T20:16:42
SPRIT,SPRIT: Spirit ,4.63,0.02,0.0,2026-03-04T20:16:42
SPFIC,SPFIC: Split Fiction,31.38,0.07,0.0,2026-03-04T20:16:42
TREK4,TREK4: Star Trek,24.01,0.02,0.0,2026-03-04T20:16:42
STRW1,STRW1: Star Wars: Dawn of the Jedi,101.28,0.4,-0.0,2026-03-04T20:16:42
SWAR4,SWAR4: Star Wars: Starfighter,236.06,0.25,0.0,2026-03-04T20:16:42
STRPR,STRPR: Starship Troopers,38.64,0.03,0.0,2026-03-04T20:16:42
STATC,STATC: Static Shock,2.82,0.01,0.0,2026-03-04T20:16:42
OHELN,OHELN: Stepdude aka Oh Hell No,2.83,0.03,1.0,2026-03-04T20:16:42
STONR,STONR: Stoner,0.02,0.0,0.0,2026-03-04T20:16:42
STTRN,STTRN: Stop! That! Train! aka...,5.09,-0.05,-1.0,2026-03-04T20:16:42
STFTR,STFTR: Street Fighter,77.29,-0.51,-1.0,2026-03-04T20:16:42
STRNS,STRNS: Strings aka Help,13.53,0.02,-0.0,2026-03-04T20:16:42
STUFD,STUFD: Stuffed,1.51,0.01,1.0,2026-03-04T20:16:42
STUNT,STUNT: Stuntnuts: The Movie,14.56,-0.08,-1.0,2026-03-04T20:16:42
SUBVS,SUBVS: Subversion,21.97,0.05,-0.0,2026-03-04T20:16:42
SUGBN,SUGBN: Sugar Bandits,16.54,0.02,0.0,2026-03-04T20:16:42
SCBSL,SCBSL: Suicide by Sunlight aka...,6.39,0.02,0.0,2026-03-04T20:16:42
SFLWR,SFLWR: Sunflower,4.85,0.02,0.0,2026-03-04T20:16:42
SUNNY,SUNNY: Sunny,17.72,0.02,-0.0,2026-03-04T20:16:42
SPTOY,SPTOY: Super Toys,7.84,0.02,-0.0,2026-03-04T20:16:42
STRO3,STRO3: Super Troopers 3,24.5,0.04,0.0,2026-03-04T20:16:42
SUPGR,SUPGR: Supergirl,174.63,0.53,-0.0,2026-03-04T20:16:42
SWAMP,SWAMP: Swamp Thing,22.64,0.02,-0.0,2026-03-04T20:16:42
SWVNG,SWVNG: Sweet Vengeance,0.5,0.04,9.0,2026-03-04T20:16:42
SWTSC,SWTSC: Sweetsick,8.01,0.02,-0.0,2026-03-04T20:16:42
SWITZ,SWITZ: Switzerland,1.17,-0.01,-1.0,2026-03-04T20:16:42
TLKT2,TLKT2: Talk 2 Me aka Talk to Me 2,7.36,0.03,0.0,2026-03-04T20:16:42
TANGL,TANGL: Tangled,116.14,0.33,0.0,2026-03-04T20:16:42
TEENT,TEENT: Teen Titans,36.4,0.04,-0.0,2026-03-04T20:16:42
TMNT4,TMNT4: Teenage Mutant Ninja...,75.16,0.26,0.0,2026-03-04T20:16:42
TSDCM,TSDCM: Teenage Sex and Death at...,1.87,-0.13,-7.0,2026-03-04T20:16:42
TERF4,TERF4: Terrifier 4,24.01,0.0,0.0,2026-03-04T20:16:42
THNK2,THNK2: Thanksgiving 2,8.89,0.0,0.0,2026-03-04T20:16:42
TAOCB,TAOCB: The Adventures of Cliff...,8.74,0.01,0.0,2026-03-04T20:16:42
AIDOC,AIDOC: The AI Doc: Or How I...,1.56,-0.01,-1.0,2026-03-04T20:16:42
ALCHM,ALCHM: The Alchemist,4.25,0.03,1.0,2026-03-04T20:16:42
ANGR3,ANGR3: The Angry Birds Movie 3,36.81,0.0,0.0,2026-03-04T20:16:42
AUTHO,AUTHO: The Authority,14.99,0.04,0.0,2026-03-04T20:16:42
TBAT2,TBAT2: The Batman: Part II,257.25,0.22,-0.0,2026-03-04T20:16:42
TBEAS,TBEAS: The Beast,7.55,0.01,-0.0,2026-03-04T20:16:42
BEAT1,BEAT1: The Beatles - A Four-Film...,115.48,0.49,0.0,2026-03-04T20:16:42
BEKP2,BEKP2: The Beekeeper 2,32.47,0.17,1.0,2026-03-04T20:16:42
TBYTC,TBYTC: The Best is Yet to Come,15.39,0.03,-0.0,2026-03-04T20:16:42
BTRND,BTRND: The Bitter End,1.07,0.01,1.0,2026-03-04T20:16:42
TBLSM,TBLSM: The Blacksmith,0.06,-0.01,-14.0,2026-03-04T20:16:42
TBATB,TBATB: The Bookie & the Bruiser,7.58,0.0,0.0,2026-03-04T20:16:42
BREDW,BREDW: The Breadwinner,27.52,-0.14,-1.0,2026-03-04T20:16:42
BRIDE,BRIDE: The Bride!,42.91,3.38,9.0,2026-03-04T20:16:42
TCATH,TCATH: The Cat in the Hat,84.59,0.18,-0.0,2026-03-04T20:16:42
CHAIN,CHAIN: The Chain,1.97,0.0,0.0,2026-03-04T20:16:42
CHAPR,CHAPR: The Chaperones,9.31,0.03,-0.0,2026-03-04T20:16:42
CHORL,CHORL: The Choral,1.66,0.01,1.0,2026-03-04T20:16:42
TCS61,TCS61: The Chosen Season 6,9.72,0.0,0.0,2026-03-04T20:16:42
CHRIS,CHRIS: The Christophers,8.0,0.01,0.0,2026-03-04T20:16:42
CLIMB,CLIMB: The Climb,0.12,-0.02,-14.0,2026-03-04T20:16:42
COLAB,COLAB: The Collaboration,0.03,0.0,0.0,2026-03-04T20:16:42
COMDH,COMDH: The Comedy Hour,2.91,0.01,-0.0,2026-03-04T20:16:42
CNJU5,CNJU5: The Conjuring: First...,89.79,0.39,-0.0,2026-03-04T20:16:42
TDORH,TDORH: The Death of Robin Hood,28.0,0.06,-0.0,2026-03-04T20:16:42
THDEB,THDEB: The Deb,0.13,0.0,0.0,2026-03-04T20:16:42
PRAD2,PRAD2: The Devil Wears Prada 2,199.92,0.15,-0.0,2026-03-04T20:16:42
DIVSN,DIVSN: The Division,0.05,0.0,0.0,2026-03-04T20:16:42
TDRAM,TDRAM: The Drama,24.68,0.01,0.0,2026-03-04T20:16:42
DTCHM,DTCHM: The Dutchman,0.59,-0.01,-2.0,2026-03-04T20:16:42
TEONM,TEONM: The Edge Of Normal,3.29,0.0,0.0,2026-03-04T20:16:42
ENDIT,ENDIT: The End of It,2.58,-0.02,-1.0,2026-03-04T20:16:42
ENGPT,ENGPT: The Engagement Party,2.47,0.0,0.0,2026-03-04T20:16:42
TESID,TESID: The Entertainment System...,11.32,0.08,1.0,2026-03-04T20:16:42
TEXO2,TEXO2: The Exorcist Film...,45.29,0.0,0.0,2026-03-04T20:16:42
FCOHR,FCOHR: The Face of Horror,11.79,0.05,0.0,2026-03-04T20:16:42
FAMIL,FAMIL: The Familiars,9.11,0.05,1.0,2026-03-04T20:16:42
TCOTG,TCOTG: The Fence aka The Cry of...,0.77,0.01,1.0,2026-03-04T20:16:42
FRSHN,FRSHN: The Freshening,3.86,0.01,0.0,2026-03-04T20:16:42
FURIS,FURIS: The Furious,1.47,-0.01,-1.0,2026-03-04T20:16:42
GALRS,GALRS: The Gallerist,8.31,0.01,-0.0,2026-03-04T20:16:42
GRFL2,GRFL2: The Garfield Movie 2,24.73,0.02,-0.0,2026-03-04T20:16:42
GNTLT,GNTLT: The Gauntlet,37.89,0.03,0.0,2026-03-04T20:16:42
TGNTH,TGNTH: The Giant's House,2.5,0.01,0.0,2026-03-04T20:16:42
GONI2,GONI2: The Goonies 2,64.66,0.24,-0.0,2026-03-04T20:16:42
GVRNS,GVRNS: The Governesses,0.04,0.0,0.0,2026-03-04T20:16:42
GRVBK,GRVBK: The Graveyard Book,0.7,0.0,0.0,2026-03-04T20:16:42
ACRNS,ACRNS: The Great Beyond aka...,116.38,0.18,0.0,2026-03-04T20:16:42
GEMUW,GEMUW: The Great Emu War,0.11,-0.01,-8.0,2026-03-04T20:16:42
HSKPR,HSKPR: The Housekeeper,4.19,0.01,0.0,2026-03-04T20:16:42
HMAI2,HMAI2: The Housemaid's Secret,76.96,0.82,1.0,2026-03-04T20:16:42
THSWF,THSWF: The Housewife,1.5,-0.01,-1.0,2026-03-04T20:16:42
HGAM6,HGAM6: The Hunger Games: Sunrise...,182.25,1.02,1.0,2026-03-04T20:16:42
TINVT,TINVT: The Invite,14.0,-0.29,-2.0,2026-03-04T20:16:42
ISLAN,ISLAN: The Island,0.76,0.0,0.0,2026-03-04T20:16:42
TJLC2,TJLC2: The Joy Luck Club 2,6.22,0.03,-0.0,2026-03-04T20:16:42
KTSS4,KTSS4: The Kingsman 3,3.6,0.01,-0.0,2026-03-04T20:16:42
LSMTM,LSMTM: The Land of Sometimes,2.88,0.0,0.0,2026-03-04T20:16:42
CVERT,CVERT: The Last Adventures Of...,0.09,0.01,13.0,2026-03-04T20:16:42
TLDAY,TLDAY: The Last Day,0.72,0.01,1.0,2026-03-04T20:16:42
LDOMH,LDOMH: The Last Disturbance Of...,6.37,0.01,0.0,2026-03-04T20:16:42
LMRSP,LMRSP: The Last Mrs. Parrish,0.29,0.0,0.0,2026-03-04T20:16:42
LPHOT,LPHOT: The Last Photograph,1.72,0.0,0.0,2026-03-04T20:16:42
TLRSR,TLRSR: The Last Resort,3.98,0.0,0.0,2026-03-04T20:16:42
TLTFH,TLTFH: The Last Train From...,25.64,0.03,-0.0,2026-03-04T20:16:42
TLVIK,TLVIK: The Last Viking,0.42,0.0,0.0,2026-03-04T20:16:42
TLWH2,TLWH2: The Last Witch Hunter 2...,13.82,0.02,-0.0,2026-03-04T20:16:42
ATLA1,ATLA1: The Legend of Aang: The...,19.03,0.1,1.0,2026-03-04T20:16:42
ZELDA,ZELDA: The Legend of Zelda,217.48,0.65,0.0,2026-03-04T20:16:42
LOTR5,LOTR5: The Lord of the Rings:...,171.93,0.29,0.0,2026-03-04T20:16:42
LOSTB,LOSTB: The Lost Boys,1.48,0.0,0.0,2026-03-04T20:16:42
TMFAT,TMFAT: The Magic Faraway Tree,10.67,0.02,-0.0,2026-03-04T20:16:42
TMWSP,TMWSP: The Man Who Saved Paris,0.01,-0.01,-50.0,2026-03-04T20:16:42
TMWTB,TMWTB: The Man with the Bag,13.28,0.02,0.0,2026-03-04T20:16:42
SWAR3,SWAR3: The Mandalorian and Grogu,222.14,-1.51,-1.0,2026-03-04T20:16:42
MOTRD,MOTRD: The Masque Of The Red Death,19.25,0.02,-0.0,2026-03-04T20:16:42
MTRX5,MTRX5: The Matrix 5,29.5,0.05,-0.0,2026-03-04T20:16:42
TMEMP,TMEMP: The Memory Police,5.08,0.02,0.0,2026-03-04T20:16:42
MOMNT,MOMNT: The Moment,4.48,-0.18,-4.0,2026-03-04T20:16:42
TMOVC,TMOVC: The Movie Critic,15.99,0.02,-0.0,2026-03-04T20:16:42
MVTEL,MVTEL: The Movie Teller,0.02,0.01,100.0,2026-03-04T20:16:42
MUMY5,MUMY5: The Mummy 4,91.63,0.18,0.0,2026-03-04T20:16:42
NAPAB,NAPAB: The Napa Boys,0.36,0.02,6.0,2026-03-04T20:16:42
NITNG,NITNG: The Nightingale,6.37,-0.05,-1.0,2026-03-04T20:16:42
ODYSE,ODYSE: The Odyssey,296.03,0.55,0.0,2026-03-04T20:16:42
THEON,THEON: The One,3.57,0.03,1.0,2026-03-04T20:16:42
OLPNY,OLPNY: The Only Living...,2.83,0.01,-0.0,2026-03-04T20:16:42
OPTMS,OPTMS: The Optimist,1.89,-0.15,-7.0,2026-03-04T20:16:42
TPACK,TPACK: The Pack,5.28,0.01,-0.0,2026-03-04T20:16:42
TPSNT,TPSNT: The Peasant,16.62,0.04,0.0,2026-03-04T20:16:42
PNKRT,PNKRT: The Pinkerton,7.24,0.02,-0.0,2026-03-04T20:16:42
TPLAG,TPLAG: The Plague,0.88,0.01,1.0,2026-03-04T20:16:42
PLOUM,PLOUM: The Ploughmen,0.02,-0.02,-50.0,2026-03-04T20:16:42
POUTF,POUTF: The Pout-pout Fish,2.01,0.0,0.0,2026-03-04T20:16:42
TPCAK,TPCAK: The President's Cake,0.13,-0.04,-24.0,2026-03-04T20:16:42
PDIA3,PDIA3: The Princess Diaries 3,34.33,0.03,0.0,2026-03-04T20:16:42
PURG6,PURG6: The Purge 6,5.26,0.01,-0.0,2026-03-04T20:16:42
TQUOF,TQUOF: The Queen of Fashion,2.56,0.02,1.0,2026-03-04T20:16:42
RAID1,RAID1: The Raid,0.05,0.0,0.0,2026-03-04T20:16:42
RSAAB,RSAAB: The Raja Saab,3.18,-0.02,-1.0,2026-03-04T20:16:42
KMOON,KMOON: The Real Me: Keith Moon ,2.13,0.02,1.0,2026-03-04T20:16:42
RSCUE,RSCUE: The Rescue,29.46,0.01,-0.0,2026-03-04T20:16:42
RESUR,RESUR: The Resurrection of the...,143.81,0.22,0.0,2026-03-04T20:16:42
RESU2,RESU2: The Resurrection of the...,135.47,0.27,-0.0,2026-03-04T20:16:42
LORN2,LORN2: The Revenge of La Llorona,23.33,0.04,-0.0,2026-03-04T20:16:42
RIDER,RIDER: The Riders,38.01,0.03,-0.0,2026-03-04T20:16:42
TROAK,TROAK: The Rivals Of Amziah King,2.3,-0.02,-1.0,2026-03-04T20:16:42
ROSIE,ROSIE: The Rosie Project,0.08,0.0,0.0,2026-03-04T20:16:42
TSAIN,TSAIN: The Saint,5.68,-0.03,-1.0,2026-03-04T20:16:42
SECAC,SECAC: The Second Act,0.07,0.02,40.0,2026-03-04T20:16:42
3BAGF,3BAGF: The Sheep Detectives aka...,40.64,0.05,-0.0,2026-03-04T20:16:42
SHTHD,SHTHD: The Shitheads,5.27,0.0,0.0,2026-03-04T20:16:42
TSOTH,TSOTH: The Shrinking of Treehorn,0.84,-0.02,-2.0,2026-03-04T20:16:42
SIMP2,SIMP2: The Simpsons Movie 2,164.29,0.11,-0.0,2026-03-04T20:16:42
TSIMS,TSIMS: The Sims Movie,36.05,0.0,0.0,2026-03-04T20:16:42
6MILL,6MILL: The Six Billion Dollar Man,8.17,0.0,0.0,2026-03-04T20:16:42
TSBDM,TSBDM: The Six Billion Dollar Man,0.53,0.01,2.0,2026-03-04T20:16:42
SMACK,SMACK: The Smack,0.23,0.0,0.0,2026-03-04T20:16:42
SOCI2,SOCI2: The Social Reckoning aka...,63.15,0.27,0.0,2026-03-04T20:16:42
TSNVS,TSNVS: The Sun Never Sets,2.1,-0.04,-2.0,2026-03-04T20:16:42
MARI2,MARI2: The Super Mario Galaxy Movie,505.19,0.15,-0.0,2026-03-04T20:16:42
SURGN,SURGN: The Surgeon,9.32,0.04,-0.0,2026-03-04T20:16:42
ANLEE,ANLEE: The Testament of Ann Lee,4.06,0.15,4.0,2026-03-04T20:16:42
T3RDP,T3RDP: The Third Parent,5.65,0.08,1.0,2026-03-04T20:16:42
TTCAF,TTCAF: The Thomas Crown Affair,37.22,0.07,0.0,2026-03-04T20:16:42
THOOD,THOOD: The Uprising aka The Hood,7.88,0.02,0.0,2026-03-04T20:16:42
VALEY,VALEY: The Valley,20.22,0.06,0.0,2026-03-04T20:16:42
TVOHR,TVOHR: The Voice Of Hind Rajab,0.88,-0.01,-1.0,2026-03-04T20:16:42
WAGER,WAGER: The Wager,16.67,0.02,-0.0,2026-03-04T20:16:42
THWAL,THWAL: The Wall,0.03,-0.01,-25.0,2026-03-04T20:16:42
WARMG,WARMG: The War Magician,0.27,-0.02,-7.0,2026-03-04T20:16:42
LPLNT,LPLNT: The Way of the Wind aka...,0.04,0.0,0.0,2026-03-04T20:16:42
THEWT,THEWT: The Weight,5.98,0.0,0.0,2026-03-04T20:16:42
TWRB2,TWRB2: The Wild Robot 2,40.03,0.05,-0.0,2026-03-04T20:16:42
WZKRM,WZKRM: The Wizard of Kremlin,5.47,0.06,1.0,2026-03-04T20:16:42
TWRNG,TWRNG: The Wrong Girl,8.73,0.02,-0.0,2026-03-04T20:16:42
TYPEP,TYPEP: The Young People,15.93,0.02,0.0,2026-03-04T20:16:42
TFLW2,TFLW2: They Follow aka It Follows 2,5.13,0.02,-0.0,2026-03-04T20:16:42
THFUS,THFUS: They Found Us,6.73,0.0,0.0,2026-03-04T20:16:42
TWKYU,TWKYU: They Will Kill You,25.03,-0.46,-2.0,2026-03-04T20:16:42
TINAT,TINAT: This Is Not a Test,1.2,0.0,0.0,2026-03-04T20:16:42
THRED,THRED: Thread: An Insidious Tale,8.96,0.0,0.0,2026-03-04T20:16:42
TMJR2,TMJR2: Tom & Jerry,23.34,0.0,0.0,2026-03-04T20:16:42
TOMB4,TOMB4: Tomb Raider ,3.74,0.07,2.0,2026-03-04T20:16:42
TONY,TONY: Tony,14.06,0.02,-0.0,2026-03-04T20:16:42
TOPG3,TOPG3: Top Gun 3,222.69,0.83,0.0,2026-03-04T20:16:42
TOTO,TOTO: Toto,2.86,0.02,1.0,2026-03-04T20:16:42
TOW,TOW: Tow,3.06,-0.45,-13.0,2026-03-04T20:16:42
TOWRT,TOWRT: Tower of Terror,12.43,0.04,-0.0,2026-03-04T20:16:42
TOXIC,TOXIC: Toxic: A Fairy Tale for...,3.18,-0.71,-18.0,2026-03-04T20:16:42
TOYS5,TOYS5: Toy Story 5,363.54,1.25,0.0,2026-03-04T20:16:42
TFRM8,TFRM8: Transformers 8,45.01,0.13,0.0,2026-03-04T20:16:42
TRSHR,TRSHR: Trashers,0.12,0.01,9.0,2026-03-04T20:16:42
TRPLT,TRPLT: Triplets,0.02,-0.01,-33.0,2026-03-04T20:16:42
TUNER,TUNER: Tuner,6.35,0.01,-0.0,2026-03-04T20:16:42
TUNLS,TUNLS: Tunnels,0.01,0.0,0.0,2026-03-04T20:16:42
UNCNY,UNCNY: Uncanny Valley,3.69,0.01,-0.0,2026-03-04T20:16:42
UNCH2,UNCH2: Uncharted 2,19.09,-0.11,-1.0,2026-03-04T20:16:42
UNDRL,UNDRL: Underland,1.0,0.0,0.0,2026-03-04T20:16:42
UNDTN,UNDTN: Undertone,15.52,-0.13,-1.0,2026-03-04T20:16:42
UNIDF,UNIDF: Unidentified ,0.81,0.0,0.0,2026-03-04T20:16:42
UAP,UAP: Unidentified Anomalous...,31.17,0.06,-0.0,2026-03-04T20:16:42
UNINC,UNINC: Union County,1.45,-0.01,-1.0,2026-03-04T20:16:42
UDCHA,UDCHA: Untitled Damien Chazelle...,21.41,0.02,-0.0,2026-03-04T20:16:42
UEFDD,UEFDD: Untitled Event Film...,44.42,0.04,0.0,2026-03-04T20:16:42
UJPE4,UJPE4: Untitled Fourth Film...,52.31,0.15,0.0,2026-03-04T20:16:42
KPOPM,KPOPM: Untitled K-Pop Movie,35.49,-0.2,-1.0,2026-03-04T20:16:42
UOCJA,UOCJA: Untitled Original Comedy...,45.1,0.09,0.0,2026-03-04T20:16:42
SPACX,SPACX: Untitled SpaceX Project,9.56,-0.05,-1.0,2026-03-04T20:16:42
URBN3,URBN3: Urban Legend,2.55,0.0,0.0,2026-03-04T20:16:42
VOTVL,VOTVL: Vampires of the Velvet...,0.54,-0.01,-2.0,2026-03-04T20:16:42
VERTY,VERTY: Verity,39.17,0.16,0.0,2026-03-04T20:16:42
VPSYC,VPSYC: Victorian Psycho,14.45,0.0,0.0,2026-03-04T20:16:42
VILN2,VILN2: Violent Night 2,24.29,0.07,0.0,2026-03-04T20:16:42
VLMAD,VLMAD: Viva La Madness,20.52,0.53,3.0,2026-03-04T20:16:42
VOLTN,VOLTN: Voltron,24.23,0.02,-0.0,2026-03-04T20:16:42
VOYGR,VOYGR: Voyagers,2.26,-0.04,-2.0,2026-03-04T20:16:42
WARDR,WARDR: Wardriver,0.01,-0.02,-67.0,2026-03-04T20:16:42
WASTE,WASTE: Wasteman,0.55,0.0,0.0,2026-03-04T20:16:42
WTDOG,WTDOG: Watch Dogs,9.83,0.03,-0.0,2026-03-04T20:16:42
WADY,WADY: We All Die Young,0.02,0.0,0.0,2026-03-04T20:16:42
WSTOR,WSTOR: We Are Storror,1.27,-0.02,-2.0,2026-03-04T20:16:42
WLCM3,WLCM3: Welcome to the Jungle,0.34,0.0,0.0,2026-03-04T20:16:42
WERWU,WERWU: Werwulf,68.85,0.1,0.0,2026-03-04T20:16:42
WHALF,WHALF: Whalefall,24.87,0.02,-0.0,2026-03-04T20:16:42
WHANT,WHANT: What Happens At Night,37.63,0.07,-0.0,2026-03-04T20:16:42
WSGON,WSGON: What's Going On,0.42,0.01,2.0,2026-03-04T20:16:42
WPRAY,WPRAY: When We Pray,0.05,-0.01,-17.0,2026-03-04T20:16:42
WHTSP,WHTSP: Whitney Springs aka...,23.27,0.03,0.0,2026-03-04T20:16:42
MDONA,MDONA: Who's That Girl aka...,11.27,0.01,-0.0,2026-03-04T20:16:42
WCKER,WCKER: Wicker,5.99,0.04,1.0,2026-03-04T20:16:42
WIFDG,WIFDG: Wife & Dog,14.3,0.01,0.0,2026-03-04T20:16:42
W4OCL,W4OCL: Wild Four O’Clocks ,0.02,0.0,0.0,2026-03-04T20:16:42
WILDH,WILDH: Wild Horse Nine aka...,7.66,-0.09,-1.0,2026-03-04T20:16:42
WILDW,WILDW: Wildwood,10.0,-0.28,-3.0,2026-03-04T20:16:42
WNDOC,WNDOC: Wind of Change,5.14,-0.03,-1.0,2026-03-04T20:16:42
WNRV2,WNRV2: Wind River: The Next Chapter,2.71,-0.02,-1.0,2026-03-04T20:16:42
WNTGM,WNTGM: Winter Games,8.12,0.01,-0.0,2026-03-04T20:16:42
WSHFT,WSHFT: Wishful Thinking,3.69,0.01,0.0,2026-03-04T20:16:42
WOBLD,WOBLD: Without Blood,2.67,-0.02,-1.0,2026-03-04T20:16:42
WIZRD,WIZRD: Wizards!,1.21,0.0,0.0,2026-03-04T20:16:42
WOND3,WOND3: Wonder Woman ,56.76,0.0,0.0,2026-03-04T20:16:42
WONK2,WONK2: Wonka 2,63.19,0.1,-0.0,2026-03-04T20:16:42
THLK2,THLK2: World War Hulk,36.5,0.13,-0.0,2026-03-04T20:16:42
WUTHR,WUTHR: Wuthering Heights,77.46,-0.53,-1.0,2026-03-04T20:16:42
XMEN8,XMEN8: X-Men aka Mutants,168.43,0.4,0.0,2026-03-04T20:16:42
BEEGE,BEEGE: You Should Be Dancing aka...,16.51,0.02,-0.0,2026-03-04T20:16:42
ITLIA,"ITLIA: You, Me & Tuscany",22.06,0.0,0.0,2026-03-04T20:16:42
YWASH,YWASH: Young Washington,29.64,0.1,0.0,2026-03-04T20:16:42
YOURM,YOURM: Your Mother Your Mother...,2.98,0.02,1.0,2026-03-04T20:16:42
BTLHM,BTLHM: Zero A.D. aka Bethlehem,34.55,0.01,-0.0,2026-03-04T20:16:42
ZI,ZI: Zi,1.38,0.0,0.0,2026-03-04T20:16:42
ZOROR,ZOROR: Zorro 2.0,0.01,0.0,0.0,2026-03-04T20:16:42
